hospital_id,period_id,fiscal_year,total_budget_cad,actual_spend_cad,nursing_fte,physician_fte,admin_fte,or_rooms
1,1,2014,40313637.0,42948054.0,205,27,45,4
1,2,2015,41442419.0,43421670.0,188,27,33,5
1,3,2016,42571201.0,45035801.0,237,31,29,4
1,4,2017,43699982.0,45804934.0,189,32,29,4
1,5,2018,44828764.0,42524437.0,238,23,33,4
1,6,2019,45957546.0,43068570.0,252,41,57,4
1,7,2020,52736687.0,49459159.0,222,35,43,5
1,8,2021,54000923.0,57352010.0,188,42,37,3
1,9,2022,49343892.0,50499322.0,226,27,47,5
1,10,2023,50472673.0,51901535.0,235,23,47,5
2,1,2014,43472664.0,42374219.0,235,33,45,5
2,2,2015,44689899.0,41773322.0,290,40,47,6
2,3,2016,45907134.0,45119605.0,254,29,52,6
2,4,2017,47124368.0,48162985.0,315,30,47,5
2,5,2018,48341603.0,49082463.0,243,32,41,5
2,6,2019,49558837.0,46119552.0,281,28,36,6
2,7,2020,56869201.0,57365370.0,290,51,43,4
2,8,2021,58232503.0,59077598.0,270,34,59,5
2,9,2022,53210541.0,50700497.0,274,41,49,5
2,10,2023,54427776.0,51536525.0,226,51,44,6
3,1,2014,13318817.0,13916739.0,92,14,15,2
3,2,2015,13691744.0,13651069.0,78,18,18,2
3,3,2016,14064670.0,13308498.0,92,10,15,2
3,4,2017,14437597.0,14144893.0,108,18,22,2
3,5,2018,14810524.0,14663476.0,83,15,17,1
3,6,2019,15183451.0,14422667.0,93,16,24,2
3,7,2020,17423143.0,18778994.0,88,12,16,1
3,8,2021,17840821.0,18845888.0,93,9,15,2
3,9,2022,16302232.0,15357891.0,91,11,16,2
3,10,2023,16675158.0,17856416.0,106,16,20,1
4,1,2014,8130390.0,8735887.0,43,6,13,1
4,2,2015,8358040.0,7809608.0,58,7,9,1
4,3,2016,8585691.0,8611054.0,47,8,8,1
4,4,2017,8813342.0,9487938.0,43,7,8,1
4,5,2018,9040993.0,8489541.0,59,6,8,1
4,6,2019,9268644.0,9129459.0,53,6,7,1
4,7,2020,10635850.0,10855725.0,45,6,8,1
4,8,2021,10890819.0,11345966.0,58,10,12,1
4,9,2022,9951597.0,9402280.0,57,9,11,1
4,10,2023,10179248.0,9482407.0,44,10,11,1
5,1,2014,12758844.0,13091506.0,77,13,12,2
5,2,2015,13116092.0,13600908.0,99,12,19,2
5,3,2016,13473339.0,13399539.0,95,15,16,1
5,4,2017,13830587.0,14391939.0,74,15,23,2
5,5,2018,14187835.0,13684982.0,103,17,21,2
5,6,2019,14545082.0,15403302.0,97,15,20,2
5,7,2020,16690610.0,16892557.0,107,11,14,2
5,8,2021,17090727.0,17702293.0,95,16,20,1
5,9,2022,15616825.0,15637978.0,106,10,16,2
5,10,2023,15974073.0,15802230.0,102,14,18,1
6,1,2014,14871732.0,14355408.0,73,15,16,2
6,2,2015,15288141.0,15733211.0,97,15,18,1
6,3,2016,15704549.0,14614107.0,85,12,15,2
6,4,2017,16120958.0,15824447.0,90,16,18,1
6,5,2018,16537366.0,15786281.0,84,11,16,1
6,6,2019,16953775.0,16029198.0,76,15,18,2
6,7,2020,19454605.0,20747054.0,78,8,18,1
6,8,2021,19920983.0,19620457.0,97,16,15,1
6,9,2022,18203000.0,17307468.0,83,14,17,1
6,10,2023,18619409.0,17832204.0,78,8,22,1
7,1,2014,121268277.0,121133364.0,666,82,104,13
7,2,2015,124663789.0,121535782.0,711,101,182,16
7,3,2016,128059301.0,134322804.0,702,107,116,12
7,4,2017,131454813.0,128379891.0,746,106,111,16
7,5,2018,134850324.0,137452939.0,619,134,131,15
7,6,2019,138245836.0,133921920.0,779,104,154,18
7,7,2020,158638310.0,149331147.0,586,71,117,16
7,8,2021,162441283.0,153662351.0,680,128,97,17
7,9,2022,148432371.0,151158063.0,833,78,98,13
7,10,2023,151827883.0,150594380.0,579,99,120,12
8,1,2014,38171475.0,39893538.0,240,57,39,6
8,2,2015,39240276.0,37881968.0,234,29,45,5
8,3,2016,40309077.0,43122094.0,313,55,42,7
8,4,2017,41377879.0,40568136.0,278,41,48,6
8,5,2018,42446680.0,39737875.0,271,51,59,5
8,6,2019,43515481.0,41921735.0,287,50,50,5
8,7,2020,49934396.0,51398841.0,310,50,45,5
8,8,2021,51131454.0,54950851.0,340,56,70,6
8,9,2022,46721885.0,44469844.0,342,34,46,5
8,10,2023,47790686.0,44471207.0,341,32,39,7
9,1,2014,17699471.0,17330118.0,146,17,31,2
9,2,2015,18195057.0,17700454.0,141,14,23,2
9,3,2016,18690642.0,18302649.0,115,21,21,2
9,4,2017,19186227.0,18490067.0,103,18,17,2
9,5,2018,19681812.0,20935242.0,111,12,28,2
9,6,2019,20177397.0,21762652.0,113,14,17,2
9,7,2020,23153740.0,21736402.0,115,15,21,2
9,8,2021,23708796.0,25494156.0,134,13,27,2
9,9,2022,21664153.0,20675139.0,121,17,27,3
9,10,2023,22159738.0,21627277.0,122,17,27,3
10,1,2014,34834188.0,37458487.0,184,29,47,4
10,2,2015,35809545.0,35835669.0,208,21,28,3
10,3,2016,36784902.0,34980874.0,191,30,48,3
10,4,2017,37760260.0,38950952.0,180,21,48,3
10,5,2018,38735617.0,40574884.0,183,21,45,3
10,6,2019,39710974.0,40058537.0,177,37,32,3
10,7,2020,45568691.0,46116391.0,182,32,30,3
10,8,2021,46661091.0,45637819.0,198,25,30,4
10,9,2022,42637046.0,41585632.0,169,28,34,3
10,10,2023,43612403.0,44825842.0,214,29,47,4
11,1,2014,10170480.0,9734626.0,79,13,13,1
11,2,2015,10455253.0,10882574.0,98,11,13,2
11,3,2016,10740026.0,11237410.0,94,9,20,1
11,4,2017,11024800.0,11179517.0,93,14,22,1
11,5,2018,11309573.0,10557568.0,91,14,22,1
11,6,2019,11594347.0,10803349.0,77,11,19,1
11,7,2020,13304614.0,12651986.0,87,9,17,1
11,8,2021,13623561.0,12978088.0,74,11,19,1
11,9,2022,12448667.0,12407136.0,84,14,20,2
11,10,2023,12733440.0,12769618.0,91,8,16,1
12,1,2014,6925572.0,6593241.0,48,8,12,1
12,2,2015,7119488.0,7193518.0,47,9,8,1
12,3,2016,7313404.0,7269407.0,55,8,8,1
12,4,2017,7507320.0,7480062.0,42,9,9,1
12,5,2018,7701236.0,7479327.0,49,7,8,1
12,6,2019,7895152.0,8264112.0,44,9,8,1
12,7,2020,9059756.0,9690986.0,39,6,7,1
12,8,2021,9276942.0,9426520.0,44,9,12,1
12,9,2022,8476900.0,8774383.0,53,8,11,1
12,10,2023,8670816.0,8552878.0,48,6,11,1
13,1,2014,49236782.0,47973511.0,351,68,80,6
13,2,2015,50615412.0,48494603.0,395,53,56,7
13,3,2016,51994041.0,56106357.0,429,42,58,8
13,4,2017,53372671.0,54236194.0,328,40,71,8
13,5,2018,54751301.0,53795802.0,408,61,68,8
13,6,2019,56129931.0,60546339.0,318,55,71,8
13,7,2020,64409588.0,66186416.0,288,53,90,8
13,8,2021,65953654.0,61451531.0,379,55,77,6
13,9,2022,60265821.0,63735531.0,315,59,52,9
13,10,2023,61644451.0,59521853.0,315,50,49,6
14,1,2014,39155710.0,40593526.0,307,34,80,6
14,2,2015,40252070.0,41035894.0,261,48,78,6
14,3,2016,41348430.0,43928134.0,287,49,68,7
14,4,2017,42444790.0,41268573.0,256,47,50,7
14,5,2018,43541150.0,46854872.0,362,34,71,7
14,6,2019,44637510.0,44172255.0,334,37,59,8
14,7,2020,51221934.0,54137910.0,272,35,49,6
14,8,2021,52449857.0,55832910.0,304,38,71,5
14,9,2022,47926589.0,51071633.0,262,59,80,5
14,10,2023,49022949.0,50632288.0,361,56,70,6
15,1,2014,36811784.0,35371432.0,232,37,36,4
15,2,2015,37842514.0,39251967.0,204,41,31,5
15,3,2016,38873244.0,36559695.0,233,41,46,3
15,4,2017,39903974.0,38209117.0,191,35,38,4
15,5,2018,40934704.0,43275338.0,191,38,56,5
15,6,2019,41965434.0,43694722.0,212,38,49,3
15,7,2020,48155703.0,48945463.0,175,32,50,3
15,8,2021,49310121.0,49442647.0,232,41,34,3
15,9,2022,45057624.0,43735649.0,233,35,47,4
15,10,2023,46088354.0,45166446.0,225,24,29,4
16,1,2014,19887091.0,20055891.0,89,15,25,2
16,2,2015,20443929.0,20912837.0,120,15,25,2
16,3,2016,21000768.0,21035346.0,94,13,26,2
16,4,2017,21557606.0,20387194.0,96,19,24,2
16,5,2018,22114445.0,20983267.0,101,16,21,1
16,6,2019,22671283.0,22648251.0,89,17,24,2
16,7,2020,26015496.0,26222931.0,128,14,15,1
16,8,2021,26639156.0,26996908.0,110,21,15,1
16,9,2022,24341799.0,22939572.0,116,12,22,2
16,10,2023,24898637.0,26208498.0,98,20,23,1
17,1,2014,5382244.0,5034766.0,48,5,5,1
17,2,2015,5532947.0,5898756.0,39,4,7,1
17,3,2016,5683649.0,5587299.0,50,6,6,1
17,4,2017,5834352.0,6285765.0,37,5,5,1
17,5,2018,5985055.0,5573024.0,47,4,7,1
17,6,2019,6135758.0,5927706.0,41,4,9,1
17,7,2020,7040836.0,7498632.0,46,7,6,1
17,8,2021,7209623.0,7744725.0,46,5,8,1
17,9,2022,6587866.0,6423612.0,34,6,8,1
17,10,2023,6738569.0,6638915.0,34,6,10,1
18,1,2014,63163210.0,63985475.0,308,53,56,8
18,2,2015,64931780.0,65759085.0,433,74,62,6
18,3,2016,66700350.0,66746959.0,369,39,88,6
18,4,2017,68468920.0,68801397.0,409,69,84,9
18,5,2018,70237490.0,66730239.0,327,73,75,9
18,6,2019,72006060.0,75615290.0,446,55,71,6
18,7,2020,82627585.0,79773762.0,313,40,78,8
18,8,2021,84608383.0,88437051.0,402,59,51,8
18,9,2022,77311769.0,75661664.0,369,71,73,8
18,10,2023,79080339.0,84361362.0,313,51,94,6
19,1,2014,14483806.0,14439821.0,84,11,21,1
19,2,2015,14889353.0,15392893.0,91,10,11,1
19,3,2016,15294899.0,14869606.0,78,14,18,1
19,4,2017,15700446.0,15804132.0,72,12,17,1
19,5,2018,16105992.0,16642243.0,80,9,12,1
19,6,2019,16511539.0,15711357.0,91,12,22,1
19,7,2020,18947136.0,19498852.0,69,9,15,1
19,8,2021,19401348.0,19914575.0,80,15,20,2
19,9,2022,17728179.0,17845193.0,90,11,14,1
19,10,2023,18133725.0,18633342.0,98,9,21,1
20,1,2014,115167980.0,107577103.0,605,75,130,11
20,2,2015,118392684.0,111414219.0,629,97,161,12
20,3,2016,121617387.0,120173413.0,556,106,157,12
20,4,2017,124842091.0,123978981.0,644,70,174,13
20,5,2018,128066794.0,135167196.0,794,113,120,11
20,6,2019,131291498.0,132329520.0,548,71,92,11
20,7,2020,150658145.0,140554324.0,551,87,152,16
20,8,2021,154269813.0,160953685.0,559,78,137,17
20,9,2022,140965608.0,135546759.0,663,100,99,15
20,10,2023,144190311.0,154961638.0,773,82,131,16
21,1,2014,12747212.0,11919995.0,76,11,13,2
21,2,2015,13104134.0,13934457.0,87,18,12,2
21,3,2016,13461055.0,13551393.0,95,9,19,1
21,4,2017,13817977.0,13794229.0,93,10,19,1
21,5,2018,14174899.0,14479455.0,99,15,24,2
21,6,2019,14531821.0,15050636.0,99,18,22,1
21,7,2020,16675392.0,15641383.0,83,12,18,2
21,8,2021,17075145.0,16843826.0,104,14,14,2
21,9,2022,15602587.0,15179692.0,83,15,13,1
21,10,2023,15959509.0,15842435.0,95,10,12,1
22,1,2014,19811908.0,19183304.0,121,18,16,2
22,2,2015,20366641.0,19811418.0,118,19,23,3
22,3,2016,20921375.0,20314600.0,128,14,25,2
22,4,2017,21476108.0,20390849.0,96,22,25,2
22,5,2018,22030841.0,23271150.0,130,14,18,2
22,6,2019,22585575.0,24218491.0,132,16,19,2
22,7,2020,25917145.0,25783794.0,114,21,20,2
22,8,2021,26538447.0,24982704.0,132,12,26,2
22,9,2022,24249775.0,23958200.0,105,21,27,2
22,10,2023,24804509.0,26633197.0,102,19,25,2
23,1,2014,33945974.0,35395061.0,281,33,59,6
23,2,2015,34896461.0,36265711.0,251,42,38,4
23,3,2016,35846948.0,33399273.0,302,49,40,5
23,4,2017,36797436.0,37998050.0,278,45,64,4
23,5,2018,37747923.0,39316728.0,299,45,44,5
23,6,2019,38698410.0,37398238.0,222,38,39,5
23,7,2020,44406765.0,42546418.0,210,43,52,4
23,8,2021,45471311.0,46823718.0,301,39,63,4
23,9,2022,41549872.0,44398594.0,277,33,42,4
23,10,2023,42500359.0,41633699.0,284,48,46,5
24,1,2014,80693651.0,80274391.0,444,84,71,9
24,2,2015,82953073.0,78554125.0,488,76,64,8
24,3,2016,85212496.0,91087703.0,463,84,97,9
24,4,2017,87471918.0,92019171.0,379,86,108,9
24,5,2018,89731340.0,88693565.0,460,51,96,9
24,6,2019,91990762.0,88047488.0,373,63,92,7
24,7,2020,105560207.0,105680880.0,428,83,78,11
24,8,2021,108090760.0,103227153.0,443,82,110,9
24,9,2022,98769029.0,95852936.0,520,78,58,8
24,10,2023,101028451.0,106176594.0,463,67,98,8
25,1,2014,49608908.0,52564839.0,308,32,51,5
25,2,2015,50997957.0,54801830.0,255,31,61,5
25,3,2016,52387006.0,50735518.0,222,31,50,7
25,4,2017,53776056.0,50359581.0,242,49,55,5
25,5,2018,55165105.0,58039204.0,246,52,47,4
25,6,2019,56554155.0,54853869.0,321,36,43,5
25,7,2020,64896389.0,64155425.0,301,29,43,5
25,8,2021,66452124.0,66950146.0,228,38,66,5
25,9,2022,60721303.0,63610500.0,280,48,37,5
25,10,2023,62110352.0,63922279.0,312,47,50,4
26,1,2014,36430657.0,37961792.0,172,27,27,3
26,2,2015,37450716.0,37653518.0,202,32,50,3
26,3,2016,38470774.0,35869287.0,175,34,51,3
26,4,2017,39490833.0,42469237.0,224,20,50,5
26,5,2018,40510891.0,38803213.0,167,40,37,3
26,6,2019,41530950.0,42993752.0,170,40,38,4
26,7,2020,47657129.0,48935303.0,236,29,35,4
26,8,2021,48799594.0,52349391.0,192,21,34,5
26,9,2022,44591125.0,42282106.0,234,39,51,4
26,10,2023,45611183.0,42798605.0,202,35,45,4
27,1,2014,11534327.0,11708165.0,62,11,19,1
27,2,2015,11857288.0,11986938.0,72,10,17,1
27,3,2016,12180249.0,11781098.0,72,11,15,1
27,4,2017,12503210.0,13114999.0,82,8,12,1
27,5,2018,12826172.0,13835395.0,75,12,16,1
27,6,2019,13149133.0,13098039.0,76,14,10,1
27,7,2020,15088745.0,14627352.0,85,11,18,1
27,8,2021,15450462.0,14470789.0,66,11,16,1
27,9,2022,14118016.0,14224037.0,65,11,16,1
27,10,2023,14440977.0,15018359.0,82,11,17,1
28,1,2014,15731961.0,16755217.0,123,16,25,2
28,2,2015,16172456.0,17098853.0,103,17,24,2
28,3,2016,16612951.0,17463692.0,116,16,18,1
28,4,2017,17053446.0,17035115.0,101,16,27,1
28,5,2018,17493941.0,16349217.0,92,13,20,1
28,6,2019,17934436.0,17982834.0,91,13,25,2
28,7,2020,20579923.0,19933336.0,122,12,20,2
28,8,2021,21073277.0,20653080.0,90,12,24,1
28,9,2022,19255921.0,20438396.0,119,16,14,2
28,10,2023,19696416.0,20728590.0,111,15,25,2
29,1,2014,10403603.0,10823020.0,55,10,17,1
29,2,2015,10694904.0,10994201.0,68,7,16,1
29,3,2016,10986205.0,10870449.0,77,13,12,1
29,4,2017,11277506.0,12062484.0,61,6,12,1
29,5,2018,11568807.0,11122109.0,78,11,11,1
29,6,2019,11860108.0,12059535.0,71,8,16,1
29,7,2020,13609578.0,12688294.0,61,11,14,1
29,8,2021,13935835.0,14067720.0,56,13,17,1
29,9,2022,12734010.0,13505108.0,69,10,9,1
29,10,2023,13025311.0,12963853.0,62,11,13,1
30,1,2014,47784458.0,51096141.0,306,50,59,6
30,2,2015,49122423.0,49309419.0,266,35,37,5
30,3,2016,50460388.0,54217950.0,214,29,42,6
30,4,2017,51798353.0,53299634.0,300,26,57,5
30,5,2018,53136317.0,49691928.0,245,38,67,5
30,6,2019,54474282.0,58199780.0,308,49,49,4
30,7,2020,62509717.0,59690580.0,296,49,45,5
30,8,2021,64008237.0,62036254.0,237,51,70,6
30,9,2022,58488177.0,59669951.0,222,32,40,6
30,10,2023,59826142.0,56398914.0,312,47,64,5
31,1,2014,10376667.0,9708017.0,63,10,15,1
31,2,2015,10667214.0,11296558.0,58,12,17,1
31,3,2016,10957761.0,11340365.0,85,8,15,1
31,4,2017,11248307.0,11420154.0,77,7,13,1
31,5,2018,11538854.0,12263998.0,78,12,11,1
31,6,2019,11829401.0,12608133.0,70,13,11,1
31,7,2020,13574341.0,12983331.0,62,12,16,1
31,8,2021,13899753.0,14500238.0,58,7,11,1
31,9,2022,12701041.0,12612510.0,60,12,16,1
31,10,2023,12991587.0,12314449.0,75,8,14,1
32,1,2014,13321898.0,13543842.0,90,13,17,1
32,2,2015,13694911.0,12858083.0,64,11,12,1
32,3,2016,14067924.0,15069400.0,82,14,15,1
32,4,2017,14440937.0,14739289.0,66,12,17,1
32,5,2018,14813951.0,15373011.0,87,13,16,1
32,6,2019,15186964.0,16211413.0,72,9,14,1
32,7,2020,17427174.0,17925884.0,70,8,11,1
32,8,2021,17844949.0,17080502.0,91,13,17,1
32,9,2022,16306003.0,16251054.0,70,8,19,1
32,10,2023,16679016.0,17584248.0,67,9,15,1
33,1,2014,12946610.0,12410712.0,119,16,23,1
33,2,2015,13309115.0,13853143.0,123,17,15,2
33,3,2016,13671621.0,14659795.0,98,20,25,1
33,4,2017,14034126.0,14812454.0,114,16,20,2
33,5,2018,14396631.0,13593894.0,88,12,20,1
33,6,2019,14759136.0,14333068.0,99,20,16,2
33,7,2020,16936238.0,18017137.0,112,17,25,2
33,8,2021,17342244.0,17144018.0,102,18,26,2
33,9,2022,15846651.0,14820910.0,117,18,23,2
33,10,2023,16209156.0,15393295.0,116,17,14,2
34,1,2014,41058460.0,41223581.0,191,34,35,5
34,2,2015,42208097.0,40629057.0,193,25,55,4
34,3,2016,43357734.0,45133196.0,212,30,41,4
34,4,2017,44507371.0,45188766.0,249,26,45,5
34,5,2018,45657008.0,45031700.0,229,32,49,4
34,6,2019,46806645.0,48982692.0,195,37,36,4
34,7,2020,53711035.0,52932490.0,230,37,53,5
34,8,2021,54998629.0,57738575.0,218,33,48,3
34,9,2022,50255555.0,53719055.0,264,37,54,4
34,10,2023,51405192.0,53630567.0,239,25,51,4
35,1,2014,19205160.0,20459138.0,123,17,26,2
35,2,2015,19742905.0,21006973.0,123,13,29,2
35,3,2016,20280649.0,21788164.0,118,21,25,2
35,4,2017,20818394.0,20044274.0,106,18,20,2
35,5,2018,21356138.0,20705995.0,132,21,21,2
35,6,2019,21893882.0,20674299.0,94,11,18,2
35,7,2020,25123422.0,26054450.0,123,15,17,2
35,8,2021,25725696.0,25998210.0,112,19,24,2
35,9,2022,23507116.0,22351903.0,106,12,18,2
35,10,2023,24044860.0,23717963.0,134,22,27,1
36,1,2014,20733728.0,20729208.0,132,13,28,1
36,2,2015,21314273.0,20205663.0,117,13,15,2
36,3,2016,21894817.0,22900175.0,131,20,17,2
36,4,2017,22475361.0,22791568.0,105,17,25,2
36,5,2018,23055906.0,21595384.0,107,13,17,2
36,6,2019,23636450.0,24512671.0,92,17,21,2
36,7,2020,27123034.0,28312174.0,106,15,16,2
36,8,2021,27773244.0,28043145.0,105,16,26,2
36,9,2022,25378083.0,26864633.0,96,17,22,2
36,10,2023,25958628.0,25180478.0,123,12,16,2
37,1,2014,14153005.0,14390906.0,88,11,16,1
37,2,2015,14549289.0,14437882.0,81,15,21,2
37,3,2016,14945573.0,14742773.0,88,14,15,1
37,4,2017,15341857.0,15036992.0,100,16,19,1
37,5,2018,15738141.0,16732674.0,71,11,16,1
37,6,2019,16134426.0,17083729.0,80,16,22,2
37,7,2020,18514395.0,17997831.0,104,16,13,2
37,8,2021,18958233.0,18426346.0,71,15,14,1
37,9,2022,17323278.0,16339087.0,90,11,22,2
37,10,2023,17719562.0,17276762.0,96,12,20,1
38,1,2014,14618296.0,15195637.0,130,13,25,2
38,2,2015,15027609.0,15181600.0,128,15,18,2
38,3,2016,15436921.0,16368778.0,104,21,29,2
38,4,2017,15846233.0,16096557.0,139,13,19,2
38,5,2018,16255546.0,17292125.0,130,21,28,2
38,6,2019,16664858.0,17129155.0,127,13,24,2
38,7,2020,19123071.0,18932798.0,119,18,16,2
38,8,2021,19581500.0,18260052.0,95,13,19,2
38,9,2022,17892795.0,19031028.0,125,15,30,2
38,10,2023,18302107.0,19184682.0,120,21,30,2
39,1,2014,14650231.0,13883120.0,121,20,26,2
39,2,2015,15060437.0,15653646.0,87,13,20,2
39,3,2016,15470644.0,15144220.0,109,18,14,2
39,4,2017,15880850.0,16169446.0,91,14,16,1
39,5,2018,16291057.0,15197072.0,84,10,25,2
39,6,2019,16701263.0,17926302.0,88,17,19,1
39,7,2020,19164846.0,20189390.0,97,16,23,2
39,8,2021,19624277.0,20023460.0,92,11,26,2
39,9,2022,17931882.0,17242144.0,118,11,23,1
39,10,2023,18342089.0,17672646.0,100,11,14,2
40,1,2014,10759083.0,10662448.0,90,10,11,1
40,2,2015,11060337.0,10863848.0,79,14,18,1
40,3,2016,11361591.0,10985048.0,75,11,17,2
40,4,2017,11662846.0,11979479.0,94,9,18,2
40,5,2018,11964100.0,11587737.0,89,13,22,1
40,6,2019,12265354.0,12401485.0,80,10,15,1
40,7,2020,14074602.0,13675287.0,91,12,15,1
40,8,2021,14412007.0,13492265.0,68,16,11,1
40,9,2022,13169117.0,13165732.0,70,15,20,1
40,10,2023,13470372.0,14239584.0,75,13,20,1
41,1,2014,14631661.0,15213714.0,92,18,19,2
41,2,2015,15041348.0,14435956.0,119,19,21,2
41,3,2016,15451034.0,14468343.0,112,14,20,2
41,4,2017,15860721.0,16040910.0,105,15,16,2
41,5,2018,16270407.0,16850994.0,123,15,20,1
41,6,2019,16680094.0,15614545.0,111,13,22,2
41,7,2020,19140554.0,18001496.0,95,17,16,2
41,8,2021,19599403.0,20592561.0,116,15,15,2
41,9,2022,17909153.0,17735766.0,110,16,26,2
41,10,2023,18318840.0,18748776.0,117,12,21,2
42,1,2014,12490813.0,12399360.0,74,16,21,1
42,2,2015,12840555.0,12441895.0,97,17,23,2
42,3,2016,13190298.0,12855865.0,74,14,21,1
42,4,2017,13540041.0,14442195.0,76,18,20,1
42,5,2018,13889784.0,14263102.0,106,16,22,2
42,6,2019,14239526.0,13956022.0,74,10,16,1
42,7,2020,16339981.0,16452195.0,86,16,12,1
42,8,2021,16731693.0,17892021.0,95,13,12,1
42,9,2022,15288755.0,15208331.0,95,14,22,1
42,10,2023,15638497.0,14685352.0,103,10,13,1
43,1,2014,14237236.0,15131637.0,83,9,13,1
43,2,2015,14635879.0,15411020.0,85,11,13,1
43,3,2016,15034521.0,15620002.0,82,14,10,1
43,4,2017,15433164.0,14666190.0,75,8,18,1
43,5,2018,15831806.0,16544996.0,63,12,17,1
43,6,2019,16230449.0,17420075.0,89,12,16,1
43,7,2020,18624583.0,19609490.0,71,14,11,1
43,8,2021,19071062.0,18462220.0,94,15,20,1
43,9,2022,17426377.0,16301947.0,63,11,14,1
43,10,2023,17825019.0,18149405.0,80,8,18,1
44,1,2014,46886135.0,47775605.0,386,63,67,8
44,2,2015,48198946.0,46634112.0,297,43,62,7
44,3,2016,49511758.0,46051338.0,319,48,77,8
44,4,2017,50824570.0,54785636.0,347,50,56,8
44,5,2018,52137382.0,49218828.0,311,60,85,6
44,6,2019,53450193.0,54389322.0,347,57,68,6
44,7,2020,61334566.0,62825048.0,346,53,51,6
44,8,2021,62804915.0,63093681.0,403,68,47,6
44,9,2022,57388629.0,54088336.0,312,52,54,6
44,10,2023,58701441.0,55671908.0,332,42,54,6
45,1,2014,74330683.0,78015164.0,405,91,122,10
45,2,2015,76411942.0,76308694.0,556,75,128,12
45,3,2016,78493201.0,75992417.0,390,55,109,9
45,4,2017,80574461.0,78983620.0,408,94,126,12
45,5,2018,82655720.0,80887073.0,453,67,114,12
45,6,2019,84736979.0,84342567.0,418,84,73,11
45,7,2020,97236426.0,92758040.0,467,76,118,11
45,8,2021,99567437.0,96486458.0,572,77,100,9
45,9,2022,90980756.0,86989075.0,431,59,109,10
45,10,2023,93062015.0,97985863.0,456,90,72,12
46,1,2014,58141211.0,58073129.0,368,52,69,10
46,2,2015,59769165.0,58893963.0,389,53,90,7
46,3,2016,61397119.0,60350945.0,436,74,58,9
46,4,2017,63025073.0,65487676.0,374,79,90,7
46,5,2018,64653027.0,64105447.0,439,44,88,9
46,6,2019,66280981.0,62760675.0,372,66,61,8
46,7,2020,76058007.0,81018013.0,394,54,62,7
46,8,2021,77881315.0,83301943.0,418,62,66,7
46,9,2022,71164842.0,73785986.0,402,61,72,7
46,10,2023,72792796.0,72521499.0,344,72,76,10
47,1,2014,37577409.0,35915209.0,295,36,53,4
47,2,2015,38629577.0,41412195.0,217,32,59,5
47,3,2016,39681744.0,37577478.0,233,29,63,4
47,4,2017,40733911.0,43746918.0,273,45,60,6
47,5,2018,41786079.0,40921411.0,292,40,43,4
47,6,2019,42838246.0,41126566.0,203,43,34,5
47,7,2020,49157263.0,48004104.0,270,47,46,6
47,8,2021,50335691.0,53966516.0,241,49,55,5
47,9,2022,45994749.0,42944650.0,263,49,50,5
47,10,2023,47046916.0,48689657.0,256,32,64,5
48,1,2014,84330396.0,78789271.0,530,80,90,10
48,2,2015,86691647.0,93099575.0,547,91,114,10
48,3,2016,89052898.0,94454314.0,488,77,77,12
48,4,2017,91414149.0,96379898.0,495,77,72,8
48,5,2018,93775400.0,97158478.0,410,96,88,9
48,6,2019,96136651.0,91998288.0,533,73,113,9
48,7,2020,110317651.0,114874556.0,448,70,123,10
48,8,2021,112962252.0,106311100.0,500,92,114,10
48,9,2022,103220405.0,105810400.0,424,79,70,8
48,10,2023,105581656.0,103664305.0,553,71,112,11
49,1,2014,18973497.0,20268883.0,117,17,21,1
49,2,2015,19504754.0,19283736.0,98,16,17,2
49,3,2016,20036012.0,18937563.0,100,19,18,2
49,4,2017,20567270.0,20000914.0,85,14,25,2
49,5,2018,21098528.0,22737890.0,100,13,25,2
49,6,2019,21629786.0,20604656.0,83,11,17,2
49,7,2020,24820369.0,23201446.0,99,20,20,2
49,8,2021,25415378.0,24620390.0,115,15,15,1
49,9,2022,23223560.0,21885432.0,119,16,17,2
49,10,2023,23754818.0,23013185.0,118,19,16,2
50,1,2014,8783253.0,8350680.0,80,7,12,1
50,2,2015,9029184.0,8858713.0,76,11,10,1
50,3,2016,9275115.0,9056651.0,79,10,11,1
50,4,2017,9521046.0,9280839.0,66,9,10,1
50,5,2018,9766977.0,9978066.0,74,6,10,1
50,6,2019,10012908.0,9386891.0,57,6,15,1
50,7,2020,11489900.0,12029612.0,64,12,12,1
50,8,2021,11765342.0,11153454.0,80,9,16,1
50,9,2022,10750701.0,10240517.0,78,12,15,1
50,10,2023,10996632.0,10887919.0,58,12,17,1
51,1,2014,91773070.0,94012499.0,702,71,96,10
51,2,2015,94342716.0,96671135.0,516,101,128,13
51,3,2016,96912362.0,101363550.0,603,83,154,13
51,4,2017,99482008.0,103374846.0,724,94,83,10
51,5,2018,102051654.0,103890137.0,495,112,155,11
51,6,2019,104621300.0,100013019.0,547,97,141,12
51,7,2020,120053860.0,116284455.0,588,65,152,15
51,8,2021,122931863.0,115393889.0,553,65,142,13
51,9,2022,112330238.0,118134020.0,554,83,156,12
51,10,2023,114899884.0,111570719.0,578,65,90,13
52,1,2014,12437099.0,12516767.0,95,18,23,2
52,2,2015,12785338.0,12609338.0,84,16,15,2
52,3,2016,13133577.0,12237384.0,100,18,22,1
52,4,2017,13481816.0,13936421.0,112,12,23,1
52,5,2018,13830054.0,13858928.0,89,16,21,1
52,6,2019,14178293.0,14884408.0,110,17,14,1
52,7,2020,16269716.0,15376846.0,95,16,17,1
52,8,2021,16659743.0,16220062.0,92,11,13,2
52,9,2022,15223010.0,15197642.0,97,15,23,1
52,10,2023,15571248.0,16535877.0,94,14,17,1
53,1,2014,26786405.0,27079999.0,184,27,46,3
53,2,2015,27536425.0,27511381.0,168,33,25,3
53,3,2016,28286444.0,29326554.0,172,30,39,4
53,4,2017,29036463.0,28825650.0,189,19,45,4
53,5,2018,29786483.0,28935455.0,194,33,44,3
53,6,2019,30536502.0,28905620.0,152,22,43,4
53,7,2020,35040904.0,34951949.0,208,26,24,3
53,8,2021,35880925.0,34748620.0,162,32,45,3
53,9,2022,32786560.0,35081784.0,165,25,26,3
53,10,2023,33536579.0,34892723.0,158,17,27,3
54,1,2014,9201738.0,8974913.0,56,9,8,1
54,2,2015,9459387.0,9008775.0,53,11,11,1
54,3,2016,9717035.0,9546984.0,50,6,12,1
54,4,2017,9974684.0,9499874.0,62,11,12,1
54,5,2018,10232333.0,9640116.0,72,12,11,1
54,6,2019,10489981.0,10292688.0,56,11,8,1
54,7,2020,12037346.0,12108614.0,56,11,10,1
54,8,2021,12325912.0,11832323.0,68,7,8,1
54,9,2022,11262927.0,11421037.0,55,7,12,1
54,10,2023,11520576.0,12079425.0,56,9,12,1
55,1,2014,17080961.0,17358444.0,128,12,30,2
55,2,2015,17559228.0,16415609.0,140,21,29,2
55,3,2016,18037495.0,17880526.0,139,21,17,2
55,4,2017,18515762.0,17523371.0,130,15,22,2
55,5,2018,18994029.0,20156046.0,139,18,22,2
55,6,2019,19472296.0,18647861.0,100,19,17,2
55,7,2020,22344631.0,23413600.0,104,18,28,2
55,8,2021,22880289.0,23261240.0,111,23,26,3
55,9,2022,20907097.0,19900501.0,134,21,24,2
55,10,2023,21385364.0,22659314.0,140,19,28,2
56,1,2014,45669516.0,45023290.0,217,51,67,5
56,2,2015,46948262.0,48454655.0,264,36,39,6
56,3,2016,48227009.0,45518068.0,244,43,51,4
56,4,2017,49505755.0,50114622.0,266,35,44,5
56,5,2018,50784501.0,53154002.0,305,45,41,6
56,6,2019,52063248.0,53760723.0,257,34,52,5
56,7,2020,59743034.0,64147659.0,244,27,47,4
56,8,2021,61175230.0,64924180.0,222,46,56,6
56,9,2022,55899487.0,54273681.0,218,28,49,5
56,10,2023,57178234.0,56210507.0,305,33,45,4
57,1,2014,16542811.0,17024894.0,113,12,25,2
57,2,2015,17006010.0,17770497.0,95,14,13,2
57,3,2016,17469208.0,17983958.0,81,10,13,1
57,4,2017,17932407.0,17538223.0,116,17,23,2
57,5,2018,18395606.0,18368457.0,109,10,20,1
57,6,2019,18858804.0,19059403.0,84,10,19,2
57,7,2020,21640643.0,21730514.0,104,15,15,1
57,8,2021,22159426.0,21717668.0,106,17,13,1
57,9,2022,20248400.0,21844927.0,110,14,19,2
57,10,2023,20711599.0,20618663.0,108,12,13,1
58,1,2014,12260838.0,12397813.0,98,9,17,2
58,2,2015,12604141.0,13601676.0,91,10,16,1
58,3,2016,12947445.0,13720720.0,77,11,17,1
58,4,2017,13290748.0,12895687.0,95,15,15,1
58,5,2018,13634052.0,13004021.0,79,14,13,1
58,6,2019,13977355.0,14171676.0,88,11,17,1
58,7,2020,16039137.0,16654745.0,90,12,20,2
58,8,2021,16423637.0,16576817.0,96,14,19,1
58,9,2022,15007265.0,14388132.0,93,15,21,1
58,10,2023,15350569.0,16344700.0,84,14,16,1
59,1,2014,39492115.0,38741131.0,235,24,53,4
59,2,2015,40597894.0,40971667.0,241,34,43,4
59,3,2016,41703673.0,39101629.0,221,39,56,3
59,4,2017,42809452.0,40467872.0,209,21,45,5
59,5,2018,43915232.0,42258083.0,184,37,41,5
59,6,2019,45021011.0,42151697.0,186,40,46,3
59,7,2020,51662005.0,53997051.0,245,23,45,4
59,8,2021,52900477.0,55511596.0,174,41,37,4
59,9,2022,48338348.0,52092732.0,197,33,36,4
59,10,2023,49444128.0,47751184.0,246,35,44,5
60,1,2014,8788072.0,8723504.0,68,8,12,1
60,2,2015,9034138.0,8934049.0,72,7,10,1
60,3,2016,9280204.0,9125302.0,71,13,16,1
60,4,2017,9526270.0,8861322.0,77,11,17,1
60,5,2018,9772336.0,10141660.0,80,7,11,1
60,6,2019,10018402.0,9996715.0,63,13,11,1
60,7,2020,11496204.0,11831504.0,76,9,9,1
60,8,2021,11771798.0,12520801.0,60,7,16,1
60,9,2022,10756600.0,11616313.0,70,12,17,1
60,10,2023,11002666.0,10329937.0,66,8,14,1
61,1,2014,23685779.0,22162347.0,149,16,35,2
61,2,2015,24348981.0,24490319.0,150,16,19,3
61,3,2016,25012182.0,25563525.0,118,24,27,2
61,4,2017,25675384.0,24032719.0,138,17,36,2
61,5,2018,26338586.0,26584336.0,162,26,23,3
61,6,2019,27001788.0,26012308.0,136,20,28,2
61,7,2020,30984788.0,30663221.0,134,15,36,2
61,8,2021,31727574.0,33080131.0,156,13,29,2
61,9,2022,28991393.0,30456559.0,118,26,21,2
61,10,2023,29654595.0,29613193.0,146,15,28,3
62,1,2014,39205412.0,36501239.0,366,53,47,5
62,2,2015,40303163.0,39107786.0,320,40,57,5
62,3,2016,41400915.0,39446398.0,292,58,49,6
62,4,2017,42498666.0,42792793.0,262,59,79,5
62,5,2018,43596418.0,45742926.0,337,43,73,6
62,6,2019,44694170.0,41860912.0,263,40,76,7
62,7,2020,51286952.0,51972406.0,342,46,73,5
62,8,2021,52516433.0,50210739.0,378,42,42,6
62,9,2022,47987424.0,47095850.0,300,32,80,7
62,10,2023,49085176.0,46627942.0,357,61,63,6
63,1,2014,35748491.0,34880807.0,249,27,46,5
63,2,2015,36749448.0,34814832.0,210,28,50,4
63,3,2016,37750406.0,38531081.0,208,37,50,6
63,4,2017,38751364.0,40862875.0,253,25,55,5
63,5,2018,39752322.0,37619701.0,269,29,33,4
63,6,2019,40753279.0,40643263.0,186,43,39,5
63,7,2020,46764745.0,43960968.0,186,39,32,5
63,8,2021,47885818.0,48558887.0,221,30,58,5
63,9,2022,43756152.0,44537900.0,215,23,41,3
63,10,2023,44757110.0,43168669.0,220,39,35,4
64,1,2014,20762966.0,19525636.0,178,27,29,2
64,2,2015,21344329.0,22240229.0,124,28,29,2
64,3,2016,21925692.0,21470756.0,178,25,31,2
64,4,2017,22507055.0,22752927.0,181,17,26,2
64,5,2018,23088418.0,23952708.0,132,25,22,2
64,6,2019,23669781.0,24047209.0,159,24,31,3
64,7,2020,27161281.0,26522645.0,173,24,36,3
64,8,2021,27812408.0,28941281.0,122,19,33,2
64,9,2022,25413870.0,25661900.0,173,20,38,2
64,10,2023,25995233.0,24278610.0,171,27,25,2
65,1,2014,45683824.0,45305479.0,231,51,51,5
65,2,2015,46962971.0,45524450.0,307,36,64,5
65,3,2016,48242118.0,46020100.0,291,50,51,5
65,4,2017,49521265.0,51109098.0,234,34,48,5
65,5,2018,50800412.0,49575831.0,236,35,67,4
65,6,2019,52079559.0,48949295.0,261,42,37,5
65,7,2020,59761751.0,61965177.0,263,35,36,4
65,8,2021,61194396.0,60340468.0,225,35,59,4
65,9,2022,55917001.0,53548959.0,290,29,57,4
65,10,2023,57196148.0,53611098.0,232,39,62,4
66,1,2014,10585993.0,10069840.0,70,8,16,1
66,2,2015,10882401.0,11602791.0,63,7,11,1
66,3,2016,11178809.0,11541180.0,69,7,9,1
66,4,2017,11475216.0,12240808.0,72,9,14,1
66,5,2018,11771624.0,11566814.0,59,10,9,1
66,6,2019,12068032.0,11856113.0,61,11,16,1
66,7,2020,13848173.0,14314170.0,65,7,14,1
66,8,2021,14180149.0,14138035.0,69,7,13,1
66,9,2022,12957256.0,12908318.0,59,9,16,1
66,10,2023,13253663.0,14056900.0,52,12,9,1
67,1,2014,11961032.0,11216135.0,65,11,9,1
67,2,2015,12295941.0,12001288.0,72,10,14,1
67,3,2016,12630849.0,11867447.0,56,9,9,1
67,4,2017,12965758.0,12998987.0,68,7,16,1
67,5,2018,13300667.0,12568893.0,56,10,8,1
67,6,2019,13635576.0,14612655.0,70,8,16,1
67,7,2020,15646943.0,15105222.0,76,8,12,1
67,8,2021,16022041.0,15764194.0,61,12,15,1
67,9,2022,14640303.0,13704024.0,57,9,11,1
67,10,2023,14975212.0,15669693.0,76,9,8,1
68,1,2014,46946300.0,47349006.0,342,51,56,7
68,2,2015,48260797.0,46576009.0,323,42,49,7
68,3,2016,49575293.0,51150160.0,351,53,70,5
68,4,2017,50889789.0,47512772.0,255,52,65,6
68,5,2018,52204286.0,52648246.0,256,62,54,5
68,6,2019,53518782.0,51358062.0,311,50,76,5
68,7,2020,61413272.0,61961855.0,283,55,74,7
68,8,2021,62885508.0,64282529.0,269,61,45,8
68,9,2022,57462271.0,59317522.0,297,41,70,7
68,10,2023,58776768.0,60230272.0,362,39,74,7
69,1,2014,12148594.0,12215608.0,80,14,17,1
69,2,2015,12488754.0,13433396.0,90,16,19,1
69,3,2016,12828915.0,13231930.0,74,14,20,2
69,4,2017,13169075.0,13415921.0,68,15,11,1
69,5,2018,13509236.0,12748880.0,99,13,16,2
69,6,2019,13849397.0,14229264.0,85,14,18,1
69,7,2020,15892304.0,16151588.0,85,12,13,2
69,8,2021,16273284.0,15957426.0,87,12,20,1
69,9,2022,14869879.0,15811654.0,70,10,14,1
69,10,2023,15210039.0,15494045.0,87,16,13,1
70,1,2014,15286817.0,15447109.0,96,19,26,2
70,2,2015,15714848.0,16376237.0,101,18,22,1
70,3,2016,16142879.0,16301438.0,117,16,16,2
70,4,2017,16570910.0,16664786.0,121,16,13,2
70,5,2018,16998941.0,16401993.0,108,18,19,1
70,6,2019,17426971.0,18717716.0,102,16,14,1
70,7,2020,19997603.0,19869122.0,85,17,26,1
70,8,2021,20476997.0,20971460.0,83,19,19,2
70,9,2022,18711064.0,19432245.0,104,13,27,2
70,10,2023,19139095.0,17840280.0,121,17,15,1
71,1,2014,21581765.0,22853391.0,98,18,16,2
71,2,2015,22186054.0,20887446.0,112,13,24,2
71,3,2016,22790344.0,23404167.0,133,16,16,2
71,4,2017,23394633.0,23012661.0,118,22,26,2
71,5,2018,23998923.0,23313442.0,141,17,18,2
71,6,2019,24603212.0,25245964.0,97,17,23,2
71,7,2020,28232402.0,26755209.0,108,13,22,2
71,8,2021,28909206.0,30061904.0,113,19,27,2
71,9,2022,26416080.0,25339025.0,103,21,23,2
71,10,2023,27020370.0,28759435.0,142,12,23,2
72,1,2014,18972020.0,18808516.0,127,28,20,2
72,2,2015,19503237.0,19513154.0,120,18,25,3
72,3,2016,20034453.0,19338316.0,171,24,35,2
72,4,2017,20565670.0,21291436.0,148,22,29,3
72,5,2018,21096886.0,19932025.0,133,27,37,2
72,6,2019,21628103.0,20386695.0,160,24,19,3
72,7,2020,24818438.0,25395771.0,129,26,26,2
72,8,2021,25413400.0,24005876.0,121,15,19,3
72,9,2022,23221752.0,24291390.0,153,28,30,3
72,10,2023,23752969.0,25470595.0,128,25,26,2
73,1,2014,10015506.0,9434745.0,56,8,8,1
73,2,2015,10295940.0,10261016.0,46,9,11,1
73,3,2016,10576374.0,10802892.0,51,7,8,1
73,4,2017,10856808.0,10758864.0,60,8,14,1
73,5,2018,11137243.0,11490368.0,57,6,12,1
73,6,2019,11417677.0,11665850.0,61,7,11,1
73,7,2020,13101884.0,13247601.0,62,6,10,1
73,8,2021,13415971.0,14113810.0,64,9,11,1
73,9,2022,12258979.0,13022426.0,62,10,10,1
73,10,2023,12539413.0,12148053.0,57,6,13,1
74,1,2014,17051255.0,17635610.0,104,9,18,2
74,2,2015,17528691.0,18115793.0,104,15,18,1
74,3,2016,18006126.0,16984749.0,93,10,22,1
74,4,2017,18483561.0,17715954.0,103,16,24,1
74,5,2018,18960996.0,19549715.0,75,9,20,1
74,6,2019,19438431.0,18260004.0,85,12,16,1
74,7,2020,22305770.0,23714146.0,96,11,12,1
74,8,2021,22840498.0,24606497.0,78,14,23,1
74,9,2022,20870737.0,21244930.0,92,17,20,1
74,10,2023,21348172.0,22179970.0,108,13,14,1
75,1,2014,13715346.0,13161601.0,86,13,13,2
75,2,2015,14099376.0,13674773.0,85,17,18,2
75,3,2016,14483405.0,15636318.0,100,12,12,2
75,4,2017,14867435.0,14513950.0,94,12,18,1
75,5,2018,15251465.0,15684150.0,96,13,21,2
75,6,2019,15635494.0,14787917.0,100,17,14,2
75,7,2020,17941867.0,17516455.0,81,9,15,2
75,8,2021,18371980.0,17551388.0,100,18,12,1
75,9,2022,16787583.0,16998999.0,84,10,23,1
75,10,2023,17171613.0,17569999.0,99,9,17,1
76,1,2014,13056069.0,13841855.0,91,15,22,2
76,2,2015,13421639.0,14152725.0,82,15,21,1
76,3,2016,13787209.0,13462406.0,81,18,14,2
76,4,2017,14152779.0,14874748.0,84,12,21,1
76,5,2018,14518349.0,14485546.0,113,19,25,2
76,6,2019,14883919.0,14365511.0,97,15,21,1
76,7,2020,17079428.0,17153190.0,107,13,24,1
76,8,2021,17488866.0,18513064.0,88,19,23,1
76,9,2022,15980629.0,15868725.0,80,16,17,1
76,10,2023,16346199.0,16151753.0,112,12,16,2
77,1,2014,38503990.0,41399769.0,233,46,55,6
77,2,2015,39582102.0,38255887.0,201,40,35,4
77,3,2016,40660214.0,41618655.0,233,31,52,4
77,4,2017,41738326.0,38869813.0,238,48,56,5
77,5,2018,42816437.0,45489514.0,205,42,41,5
77,6,2019,43894549.0,42006789.0,198,29,62,4
77,7,2020,50369380.0,53258585.0,283,47,45,6
77,8,2021,51576865.0,53501908.0,277,25,36,4
77,9,2022,47128884.0,49912576.0,260,44,54,6
77,10,2023,48206996.0,45492783.0,211,28,52,4
78,1,2014,47219006.0,48258549.0,317,53,72,7
78,2,2015,48541138.0,45518784.0,250,49,68,6
78,3,2016,49863270.0,52316812.0,315,54,53,5
78,4,2017,51185402.0,51201087.0,299,42,49,5
78,5,2018,52507534.0,52278297.0,276,41,57,5
78,6,2019,53829666.0,56546491.0,268,54,60,5
78,7,2020,61770014.0,61259343.0,312,47,63,6
78,8,2021,63250802.0,61023072.0,232,49,54,5
78,9,2022,57796063.0,59058913.0,238,30,57,4
78,10,2023,59118195.0,58262770.0,307,38,43,6
79,1,2014,9807083.0,9918568.0,72,13,17,1
79,2,2015,10081682.0,10332034.0,76,7,9,1
79,3,2016,10356280.0,10008264.0,66,12,10,1
79,4,2017,10630878.0,10385860.0,80,7,16,1
79,5,2018,10905477.0,10876364.0,62,8,11,1
79,6,2019,11180075.0,10709545.0,63,12,16,1
79,7,2020,12829234.0,12565343.0,68,12,18,1
79,8,2021,13136784.0,12896696.0,61,12,18,1
79,9,2022,12003870.0,12892216.0,68,14,13,1
79,10,2023,12278468.0,11599789.0,66,8,9,1
80,1,2014,7832061.0,8189012.0,58,7,10,1
80,2,2015,8051359.0,8334206.0,67,11,8,1
80,3,2016,8270656.0,8716224.0,68,7,13,1
80,4,2017,8489954.0,8714480.0,57,10,10,1
80,5,2018,8709252.0,8139078.0,69,8,13,1
80,6,2019,8928549.0,8336973.0,54,11,15,1
80,7,2020,10245589.0,9745039.0,50,11,9,1
80,8,2021,10491202.0,11114500.0,51,10,15,1
80,9,2022,9586443.0,9577993.0,57,10,10,1
80,10,2023,9805740.0,9594182.0,53,9,12,1
81,1,2014,35218122.0,35984543.0,242,32,51,4
81,2,2015,36204229.0,35534655.0,236,48,33,6
81,3,2016,37190337.0,35531819.0,237,47,56,5
81,4,2017,38176444.0,37139721.0,248,32,55,5
81,5,2018,39162552.0,41322810.0,222,44,41,4
81,6,2019,40148659.0,39358433.0,226,37,39,4
81,7,2020,46070938.0,44736733.0,265,41,47,5
81,8,2021,47175379.0,47415663.0,244,30,47,4
81,9,2022,43106981.0,41580908.0,281,25,39,5
81,10,2023,44093089.0,43194313.0,250,25,45,5
82,1,2014,47165992.0,44369907.0,345,56,95,6
82,2,2015,48486639.0,51973454.0,372,70,49,7
82,3,2016,49807287.0,49312805.0,309,49,49,6
82,4,2017,51127935.0,52229752.0,326,71,59,7
82,5,2018,52448583.0,54732317.0,367,40,84,6
82,6,2019,53769230.0,50084319.0,396,47,55,6
82,7,2020,61700664.0,63852849.0,427,40,72,9
82,8,2021,63179789.0,64947580.0,361,53,65,6
82,9,2022,57731174.0,58630519.0,429,46,84,8
82,10,2023,59051821.0,57731884.0,381,55,73,8
83,1,2014,9069272.0,8834231.0,59,12,16,1
83,2,2015,9323212.0,9009797.0,87,10,18,1
83,3,2016,9577152.0,9068861.0,82,10,10,1
83,4,2017,9831091.0,10595608.0,59,10,18,1
83,5,2018,10085031.0,10714436.0,82,8,19,1
83,6,2019,10338970.0,10077974.0,63,10,16,1
83,7,2020,11864059.0,11903654.0,87,10,18,1
83,8,2021,12148472.0,12566930.0,77,10,13,1
83,9,2022,11100789.0,10784882.0,85,10,10,1
83,10,2023,11354729.0,12002537.0,59,12,11,1
84,1,2014,14176855.0,14963380.0,94,19,14,2
84,2,2015,14573807.0,13869284.0,103,15,15,2
84,3,2016,14970759.0,14609173.0,88,17,17,1
84,4,2017,15367711.0,14889066.0,115,11,15,2
84,5,2018,15764663.0,16504548.0,106,11,20,1
84,6,2019,16161615.0,16828240.0,84,15,17,1
84,7,2020,18545595.0,17764609.0,102,18,20,2
84,8,2021,18990181.0,19433868.0,95,11,21,2
84,9,2022,17352471.0,17302878.0,90,10,21,2
84,10,2023,17749423.0,17805506.0,122,14,21,1
85,1,2014,84351540.0,90720596.0,603,86,102,9
85,2,2015,86713383.0,86862249.0,619,91,127,13
85,3,2016,89075226.0,92881129.0,526,72,108,11
85,4,2017,91437069.0,97486089.0,512,92,128,12
85,5,2018,93798912.0,90967855.0,528,87,122,10
85,6,2019,96160755.0,93501615.0,549,56,130,9
85,7,2020,110345310.0,113412657.0,613,102,98,11
85,8,2021,112990575.0,108439879.0,559,99,107,13
85,9,2022,103246285.0,101321952.0,585,81,75,11
85,10,2023,105608128.0,99150256.0,618,103,79,8
86,1,2014,132411681.0,129923453.0,630,108,200,19
86,2,2015,136119208.0,145307987.0,707,123,165,14
86,3,2016,139826735.0,135454097.0,819,90,192,16
86,4,2017,143534262.0,140835628.0,787,145,154,16
86,5,2018,147241789.0,149530872.0,826,97,119,13
86,6,2019,150949316.0,149124211.0,792,113,141,13
86,7,2020,173215665.0,169034165.0,914,98,146,16
86,8,2021,177368095.0,173722113.0,738,144,127,19
86,9,2022,162071898.0,172744769.0,692,133,112,13
86,10,2023,165779425.0,164976622.0,773,97,143,17
87,1,2014,66573727.0,62568862.0,422,38,101,7
87,2,2015,68437792.0,67943632.0,324,40,74,9
87,3,2016,70301856.0,71464341.0,311,49,97,7
87,4,2017,72165920.0,69961862.0,411,69,77,7
87,5,2018,74029985.0,70285437.0,435,63,92,6
87,6,2019,75894049.0,81487598.0,442,62,69,9
87,7,2020,87089087.0,86198701.0,384,52,77,9
87,8,2021,89176839.0,87328973.0,425,49,79,7
87,9,2022,81486242.0,77712147.0,437,46,75,7
87,10,2023,83350306.0,86043742.0,362,72,61,6
88,1,2014,47449395.0,47817276.0,295,37,43,4
88,2,2015,48777978.0,46844051.0,206,50,64,5
88,3,2016,50106561.0,51325586.0,265,48,34,5
88,4,2017,51435144.0,52102506.0,261,32,57,4
88,5,2018,52763727.0,53199118.0,220,50,56,4
88,6,2019,54092310.0,55685332.0,281,30,50,5
88,7,2020,62071400.0,66957970.0,301,40,34,4
88,8,2021,63559413.0,64152851.0,285,44,41,5
88,9,2022,58078059.0,57426826.0,205,44,52,6
88,10,2023,59406642.0,63532642.0,253,38,39,4
89,1,2014,9187096.0,8900433.0,57,7,15,1
89,2,2015,9444335.0,10099576.0,60,7,14,1
89,3,2016,9701574.0,9850608.0,58,13,16,1
89,4,2017,9958812.0,9269266.0,65,7,10,1
89,5,2018,10216051.0,10849775.0,69,7,9,1
89,6,2019,10473290.0,11289497.0,75,9,16,1
89,7,2020,12018192.0,11817585.0,80,8,11,1
89,8,2021,12306299.0,12025543.0,58,7,18,1
89,9,2022,11245006.0,12071316.0,69,9,12,1
89,10,2023,11502245.0,12084037.0,70,12,17,1
90,1,2014,15394418.0,16487853.0,100,10,18,1
90,2,2015,15825462.0,15702176.0,86,14,16,2
90,3,2016,16256505.0,16246383.0,75,11,17,1
90,4,2017,16687549.0,16270323.0,79,12,19,1
90,5,2018,17118593.0,18048945.0,87,11,15,2
90,6,2019,17549636.0,17617068.0,85,16,18,1
90,7,2020,20138362.0,19003880.0,89,13,15,2
90,8,2021,20621131.0,20598664.0,98,9,17,2
90,9,2022,18842767.0,19107322.0,94,11,18,1
90,10,2023,19273811.0,19946412.0,96,13,18,1
91,1,2014,16853804.0,17545706.0,140,17,29,2
91,2,2015,17325710.0,18293496.0,100,21,19,2
91,3,2016,17797617.0,16975119.0,117,21,20,2
91,4,2017,18269523.0,18491276.0,112,19,22,2
91,5,2018,18741430.0,20233316.0,102,22,24,3
91,6,2019,19213337.0,20551726.0,107,21,24,3
91,7,2020,22047472.0,23335957.0,112,18,31,2
91,8,2021,22576007.0,21702679.0,137,14,29,2
91,9,2022,20629056.0,20511860.0,143,13,25,2
91,10,2023,21100963.0,21423902.0,114,20,28,2
92,1,2014,48445149.0,49154359.0,255,38,50,6
92,2,2015,49801613.0,51706592.0,304,35,69,7
92,3,2016,51158077.0,53265533.0,245,55,61,6
92,4,2017,52514541.0,51794696.0,244,38,62,5
92,5,2018,53871005.0,53589357.0,303,45,54,6
92,6,2019,55227469.0,52372446.0,296,44,61,7
92,7,2020,63374006.0,65680758.0,240,33,58,5
92,8,2021,64893245.0,65334752.0,245,47,60,5
92,9,2022,59296862.0,60437812.0,292,33,41,6
92,10,2023,60653326.0,60274600.0,244,50,72,6
93,1,2014,52596302.0,49902860.0,266,42,41,5
93,2,2015,54068999.0,51367484.0,270,32,53,7
93,3,2016,55541695.0,52618624.0,295,37,68,5
93,4,2017,57014392.0,56283529.0,255,35,39,5
93,5,2018,58487088.0,58251225.0,286,43,70,4
93,6,2019,59959785.0,55898222.0,257,38,62,6
93,7,2020,68804379.0,67499761.0,250,49,54,6
93,8,2021,70453799.0,75222817.0,335,38,68,4
93,9,2022,64377874.0,61658882.0,343,30,49,6
93,10,2023,65850570.0,67001036.0,244,39,48,4
94,1,2014,43157212.0,42391592.0,313,45,68,4
94,2,2015,44365614.0,41625141.0,283,53,45,5
94,3,2016,45574016.0,46147309.0,251,29,48,5
94,4,2017,46782418.0,44286811.0,289,47,67,5
94,5,2018,47990820.0,50881692.0,279,44,57,5
94,6,2019,49199222.0,48129435.0,240,28,68,5
94,7,2020,56456539.0,54662285.0,244,54,49,6
94,8,2021,57809949.0,55932111.0,302,48,71,6
94,9,2022,52824428.0,53269756.0,248,48,71,6
94,10,2023,54032830.0,54367642.0,298,44,48,6
95,1,2014,64111679.0,68281508.0,421,49,72,8
95,2,2015,65906806.0,65517766.0,353,63,86,7
95,3,2016,67701933.0,65210161.0,354,69,96,8
95,4,2017,69497060.0,74299999.0,326,63,82,6
95,5,2018,71292187.0,70403542.0,307,40,82,8
95,6,2019,73087314.0,70284770.0,346,61,60,8
95,7,2020,83868334.0,86266020.0,399,48,95,6
95,8,2021,85878877.0,87460740.0,423,63,65,8
95,9,2022,78472695.0,74428690.0,332,42,82,6
95,10,2023,80267822.0,82038100.0,417,49,81,6
96,1,2014,106277568.0,104561620.0,659,74,96,14
96,2,2015,109253340.0,103204284.0,632,70,126,11
96,3,2016,112229112.0,114744302.0,627,82,104,11
96,4,2017,115204883.0,119129532.0,706,68,149,13
96,5,2018,118180655.0,119903527.0,787,87,119,17
96,6,2019,121156427.0,113664757.0,575,114,141,11
96,7,2020,139028063.0,143118061.0,754,82,163,15
96,8,2021,142360928.0,148104448.0,630,115,133,13
96,9,2022,130083743.0,123632597.0,748,93,114,16
96,10,2023,133059515.0,129235550.0,645,116,105,12
97,1,2014,9172374.0,9146628.0,43,8,11,1
97,2,2015,9429201.0,9614598.0,56,8,9,1
97,3,2016,9686027.0,9030091.0,44,7,8,1
97,4,2017,9942854.0,9346798.0,51,5,13,1
97,5,2018,10199680.0,10490979.0,41,5,9,1
97,6,2019,10456507.0,10438353.0,43,8,10,1
97,7,2020,11998933.0,12202273.0,46,6,8,1
97,8,2021,12286579.0,12835201.0,59,5,11,1
97,9,2022,11226986.0,11746391.0,48,6,6,1
97,10,2023,11483813.0,12001657.0,50,9,7,1
98,1,2014,20016369.0,18951475.0,159,21,30,2
98,2,2015,20576828.0,20147868.0,167,20,39,3
98,3,2016,21137286.0,21310550.0,135,22,29,3
98,4,2017,21697744.0,22655548.0,160,19,26,3
98,5,2018,22258203.0,23121184.0,172,29,22,3
98,6,2019,22818661.0,24603428.0,133,21,34,3
98,7,2020,26184614.0,27089194.0,181,23,31,3
98,8,2021,26812327.0,27004213.0,181,26,38,3
98,9,2022,24500036.0,24749159.0,169,20,31,2
98,10,2023,25060494.0,26309825.0,168,27,26,3
99,1,2014,41606655.0,44537490.0,222,46,31,5
99,2,2015,42771642.0,44776477.0,194,35,37,5
99,3,2016,43936628.0,46337376.0,239,29,60,4
99,4,2017,45101614.0,48709043.0,280,32,58,5
99,5,2018,46266601.0,47091163.0,252,24,59,5
99,6,2019,47431587.0,50043060.0,247,32,52,4
99,7,2020,54428162.0,50993581.0,238,36,37,4
99,8,2021,55732947.0,56234708.0,229,46,61,4
99,9,2022,50926546.0,50919843.0,239,40,41,6
99,10,2023,52091532.0,49583003.0,236,39,50,4
100,1,2014,17379736.0,18225772.0,102,13,17,2
100,2,2015,17866368.0,17502326.0,92,20,22,1
100,3,2016,18353001.0,19752771.0,118,15,20,2
100,4,2017,18839633.0,19738834.0,109,13,27,2
100,5,2018,19326266.0,19120963.0,123,12,24,1
100,6,2019,19812899.0,20111191.0,110,16,18,2
100,7,2020,22735475.0,21453118.0,118,13,20,2
100,8,2021,23280503.0,21789971.0,100,14,25,2
100,9,2022,21272796.0,21399136.0,114,17,23,2
100,10,2023,21759429.0,20887684.0,107,21,22,2
101,1,2014,18389948.0,18771614.0,153,16,32,3
101,2,2015,18904867.0,18016845.0,131,18,22,3
101,3,2016,19419785.0,19856266.0,128,17,30,3
101,4,2017,19934704.0,20023526.0,125,20,34,2
101,5,2018,20449622.0,19424697.0,115,19,28,2
101,6,2019,20964541.0,20172024.0,148,20,25,2
101,7,2020,24056994.0,23155703.0,119,25,35,3
101,8,2021,24633703.0,25223949.0,137,21,21,3
101,9,2022,22509296.0,24032243.0,114,15,34,2
101,10,2023,23024215.0,21831832.0,154,18,18,3
102,1,2014,36931740.0,39286329.0,278,44,60,6
102,2,2015,37965828.0,36857345.0,290,39,40,6
102,3,2016,38999917.0,40458131.0,256,53,39,5
102,4,2017,40034006.0,41773331.0,259,53,70,5
102,5,2018,41068094.0,40145608.0,227,34,50,7
102,6,2019,42102183.0,43044541.0,291,46,59,4
102,7,2020,48312624.0,45576754.0,297,53,45,4
102,8,2021,49470804.0,51634007.0,260,52,74,6
102,9,2022,45204449.0,42829472.0,289,44,67,4
102,10,2023,46238538.0,43267979.0,313,44,50,4
103,1,2014,14384134.0,15050958.0,97,20,17,2
103,2,2015,14786890.0,14936454.0,88,18,14,1
103,3,2016,15189645.0,15140906.0,109,12,14,2
103,4,2017,15592401.0,16296738.0,111,13,18,2
103,5,2018,15995157.0,15625061.0,109,15,17,2
103,6,2019,16397913.0,17050353.0,90,12,13,1
103,7,2020,18816749.0,19583291.0,104,16,15,1
103,8,2021,19267835.0,17998073.0,93,15,23,1
103,9,2022,17606180.0,17844417.0,104,17,21,1
103,10,2023,18008936.0,17060089.0,104,17,20,2
104,1,2014,12346812.0,12148198.0,73,11,21,1
104,2,2015,12692523.0,13664029.0,95,12,14,2
104,3,2016,13038233.0,12436590.0,87,15,12,1
104,4,2017,13383944.0,13644087.0,103,16,15,1
104,5,2018,13729655.0,12923611.0,97,9,20,1
104,6,2019,14075366.0,15170087.0,94,10,18,2
104,7,2020,16151606.0,16175846.0,104,9,12,1
104,8,2021,16538802.0,16858152.0,76,9,17,1
104,9,2022,15112498.0,15221708.0,101,11,13,1
104,10,2023,15458209.0,15244570.0,89,15,20,1
105,1,2014,39627732.0,41239896.0,246,30,32,6
105,2,2015,40737308.0,43347082.0,258,27,42,4
105,3,2016,41846885.0,39789138.0,196,37,35,4
105,4,2017,42956461.0,43849510.0,246,47,54,4
105,5,2018,44066038.0,41971289.0,231,40,39,6
105,6,2019,45175614.0,42381667.0,284,40,50,6
105,7,2020,51839414.0,52897896.0,220,43,40,4
105,8,2021,53082139.0,51994897.0,197,44,57,4
105,9,2022,48504344.0,45285526.0,225,33,39,5
105,10,2023,49613920.0,51931525.0,216,24,32,4
106,1,2014,10304413.0,10654828.0,64,10,9,1
106,2,2015,10592936.0,10555144.0,55,6,15,1
106,3,2016,10881460.0,10705172.0,60,7,17,1
106,4,2017,11169983.0,11142660.0,55,12,11,1
106,5,2018,11458507.0,12061623.0,74,8,15,1
106,6,2019,11747030.0,11203384.0,53,11,9,1
106,7,2020,13479820.0,14023448.0,59,7,11,1
106,8,2021,13802967.0,13524704.0,75,8,14,1
106,9,2022,12612601.0,12989203.0,54,10,9,1
106,10,2023,12901124.0,12075573.0,68,7,14,1
107,1,2014,12478152.0,12552676.0,74,10,14,1
107,2,2015,12827540.0,12887431.0,64,14,10,1
107,3,2016,13176928.0,13913619.0,71,13,12,1
107,4,2017,13526317.0,12939857.0,84,7,16,1
107,5,2018,13875705.0,13963278.0,64,13,12,1
107,6,2019,14225093.0,13723969.0,68,14,10,1
107,7,2020,16323419.0,16622823.0,68,14,11,1
107,8,2021,16714734.0,16741902.0,60,14,13,1
107,9,2022,15273258.0,14353000.0,68,14,10,1
107,10,2023,15622646.0,15271858.0,79,8,18,1
108,1,2014,36225509.0,38006476.0,315,39,63,5
108,2,2015,37239823.0,39591602.0,299,45,41,5
108,3,2016,38254137.0,36374211.0,258,39,62,5
108,4,2017,39268451.0,37601969.0,272,43,43,6
108,5,2018,40282766.0,40967933.0,306,28,53,5
108,6,2019,41297080.0,41148423.0,273,48,53,4
108,7,2020,47388762.0,50211595.0,295,27,60,7
108,8,2021,48524793.0,47679807.0,214,46,49,5
108,9,2022,44340023.0,45103168.0,316,42,67,6
108,10,2023,45354337.0,46725952.0,231,39,59,5
109,1,2014,41117854.0,41760851.0,253,31,42,3
109,2,2015,42269154.0,39961897.0,185,24,42,4
109,3,2016,43420454.0,45584016.0,222,45,43,5
109,4,2017,44571753.0,43271097.0,193,41,53,4
109,5,2018,45723053.0,44147125.0,238,34,54,5
109,6,2019,46874353.0,43863942.0,192,38,30,4
109,7,2020,53788732.0,56133627.0,243,28,42,5
109,8,2021,55078187.0,54832238.0,184,40,44,3
109,9,2022,50328253.0,48826057.0,234,42,53,4
109,10,2023,51479553.0,50164198.0,268,24,46,5
110,1,2014,43751482.0,43633437.0,265,40,65,6
110,2,2015,44976523.0,47621915.0,265,29,59,6
110,3,2016,46201564.0,48763467.0,284,35,36,5
110,4,2017,47426606.0,48524363.0,291,36,65,5
110,5,2018,48651647.0,48528247.0,259,42,37,5
110,6,2019,49876689.0,52588968.0,235,47,65,4
110,7,2020,57233938.0,60405890.0,289,42,43,5
110,8,2021,58605985.0,59551401.0,303,28,64,5
110,9,2022,53551813.0,55263730.0,286,38,67,5
110,10,2023,54776855.0,56829664.0,233,37,39,5
111,1,2014,20038836.0,20440542.0,105,21,26,2
111,2,2015,20599923.0,21196071.0,145,18,21,2
111,3,2016,21161010.0,20968040.0,116,24,25,2
111,4,2017,21722098.0,22067257.0,127,15,29,2
111,5,2018,22283185.0,22251626.0,115,18,18,2
111,6,2019,22844272.0,22433034.0,121,13,32,2
111,7,2020,26214003.0,28040001.0,122,16,17,2
111,8,2021,26842421.0,26694572.0,116,24,27,3
111,9,2022,24527535.0,23516841.0,149,15,23,3
111,10,2023,25088622.0,25187688.0,134,16,25,2
112,1,2014,14267914.0,14272336.0,82,15,18,1
112,2,2015,14667416.0,14499145.0,70,13,14,1
112,3,2016,15066917.0,15384353.0,67,12,17,1
112,4,2017,15466419.0,16383556.0,79,9,19,1
112,5,2018,15865920.0,16108842.0,83,11,10,1
112,6,2019,16265422.0,16289368.0,94,14,16,1
112,7,2020,18664714.0,19139152.0,74,8,19,1
112,8,2021,19112156.0,19814369.0,75,14,14,1
112,9,2022,17463927.0,17860569.0,93,10,17,1
112,10,2023,17863428.0,17987808.0,79,8,20,1
113,1,2014,48324421.0,46334638.0,305,27,38,5
113,2,2015,49677504.0,51161917.0,279,47,41,6
113,3,2016,51030588.0,48177243.0,300,50,54,5
113,4,2017,52383672.0,52537172.0,276,40,67,6
113,5,2018,53736756.0,57457020.0,256,50,37,5
113,6,2019,55089840.0,52506708.0,262,37,67,6
113,7,2020,63216074.0,60827978.0,301,48,55,4
113,8,2021,64731528.0,68576246.0,242,41,65,5
113,9,2022,59149091.0,57925325.0,291,32,58,5
113,10,2023,60502175.0,59769284.0,234,34,44,4
114,1,2014,9726252.0,9297269.0,59,9,15,1
114,2,2015,9998587.0,9415285.0,61,8,15,1
114,3,2016,10270922.0,10937135.0,69,8,10,1
114,4,2017,10543257.0,10356660.0,55,10,13,1
114,5,2018,10815593.0,10613957.0,70,10,10,1
114,6,2019,11087928.0,10785228.0,63,12,13,1
114,7,2020,12723494.0,12451308.0,71,13,14,1
114,8,2021,13028509.0,13670693.0,57,7,14,1
114,9,2022,11904933.0,11274757.0,60,11,12,1
114,10,2023,12177268.0,12919926.0,56,9,14,1
115,1,2014,13283306.0,12606366.0,69,11,18,1
115,2,2015,13655239.0,13888647.0,80,7,13,1
115,3,2016,14027171.0,13844017.0,68,11,16,1
115,4,2017,14399104.0,15535053.0,85,13,17,1
115,5,2018,14771036.0,13747872.0,59,10,18,1
115,6,2019,15142969.0,14622317.0,73,7,14,1
115,7,2020,17376690.0,18516940.0,62,8,15,1
115,8,2021,17793254.0,18949552.0,83,13,10,1
115,9,2022,16258767.0,16349564.0,67,13,15,1
115,10,2023,16630699.0,16990037.0,70,8,10,1
116,1,2014,26243385.0,26500370.0,162,24,24,4
116,2,2015,26978199.0,26283111.0,187,27,44,3
116,3,2016,27713014.0,29838269.0,212,31,36,3
116,4,2017,28447829.0,29914567.0,201,32,32,3
116,5,2018,29182644.0,31398762.0,166,26,30,3
116,6,2019,29917458.0,30645229.0,159,26,43,3
116,7,2020,34330546.0,35205373.0,215,27,34,4
116,8,2021,35153539.0,37040376.0,149,32,34,3
116,9,2022,32121903.0,31236500.0,216,18,30,3
116,10,2023,32856718.0,34876686.0,200,35,24,3
117,1,2014,41398825.0,43071016.0,260,23,38,4
117,2,2015,42557992.0,39654728.0,234,34,37,4
117,3,2016,43717160.0,42245771.0,181,31,57,3
117,4,2017,44876327.0,45163426.0,214,24,45,4
117,5,2018,46035494.0,43948084.0,180,28,50,4
117,6,2019,47194661.0,47746090.0,225,23,30,5
117,7,2020,54156287.0,58374025.0,210,40,51,5
117,8,2021,55454555.0,59008106.0,267,42,54,4
117,9,2022,50672162.0,48585631.0,245,29,53,5
117,10,2023,51831329.0,55618553.0,204,42,36,4
118,1,2014,25536051.0,26805958.0,146,23,28,3
118,2,2015,26251060.0,24484193.0,152,23,29,3
118,3,2016,26966070.0,28740481.0,130,25,21,3
118,4,2017,27681079.0,29612335.0,140,26,29,3
118,5,2018,28396089.0,28254831.0,140,16,37,2
118,6,2019,29111098.0,29297120.0,165,17,21,3
118,7,2020,33405240.0,34276163.0,170,17,32,3
118,8,2021,34206051.0,36664094.0,163,23,27,3
118,9,2022,31256126.0,30763562.0,163,14,37,2
118,10,2023,31971136.0,34392099.0,156,26,37,2
119,1,2014,31773899.0,32433477.0,137,25,41,3
119,2,2015,32663568.0,32531935.0,202,30,38,4
119,3,2016,33553237.0,36199270.0,145,19,32,3
119,4,2017,34442906.0,37148337.0,161,25,27,3
119,5,2018,35332575.0,36799377.0,182,24,30,3
119,6,2019,36222245.0,36127107.0,146,26,39,4
119,7,2020,41565343.0,43396681.0,154,22,44,3
119,8,2021,42561773.0,41180595.0,201,32,30,3
119,9,2022,38891252.0,41883255.0,190,32,29,4
119,10,2023,39780921.0,41121502.0,175,17,32,2
120,1,2014,43446904.0,46763996.0,257,51,61,6
120,2,2015,44663417.0,46250375.0,292,35,55,4
120,3,2016,45879930.0,45051819.0,228,29,62,6
120,4,2017,47096443.0,47819220.0,323,44,65,4
120,5,2018,48312957.0,49111574.0,315,39,65,6
120,6,2019,49529470.0,49395854.0,302,52,62,6
120,7,2020,56835501.0,60547028.0,237,51,41,5
120,8,2021,58197996.0,55988054.0,232,52,39,4
120,9,2022,53179010.0,56260780.0,224,27,66,5
120,10,2023,54395523.0,54066342.0,227,31,37,4
121,1,2014,63986363.0,64991644.0,414,42,69,7
121,2,2015,65777981.0,63097256.0,390,56,72,9
121,3,2016,67569599.0,70584115.0,377,60,87,7
121,4,2017,69361218.0,67738197.0,321,47,63,6
121,5,2018,71152836.0,70426879.0,444,39,77,8
121,6,2019,72944454.0,68901048.0,407,63,103,7
121,7,2020,83704401.0,79298725.0,353,48,66,10
121,8,2021,85711013.0,89621815.0,428,62,57,7
121,9,2022,78319308.0,83967956.0,337,46,94,7
121,10,2023,80110927.0,77127838.0,376,64,92,9
122,1,2014,110037347.0,112289686.0,730,158,190,15
122,2,2015,113118392.0,118899381.0,680,124,194,14
122,3,2016,116199438.0,110562536.0,804,104,191,21
122,4,2017,119280484.0,121763543.0,732,84,160,14
122,5,2018,122361529.0,119150704.0,924,91,139,15
122,6,2019,125442575.0,130009083.0,832,116,215,15
122,7,2020,143946455.0,152449288.0,870,121,176,14
122,8,2021,147397226.0,155170157.0,827,92,181,16
122,9,2022,134685712.0,139875528.0,801,157,118,14
122,10,2023,137766758.0,144887897.0,863,139,188,19
123,1,2014,11608736.0,12406537.0,106,16,19,1
123,2,2015,11933781.0,11158478.0,111,9,13,2
123,3,2016,12258825.0,11800258.0,88,18,20,1
123,4,2017,12583870.0,12439105.0,101,15,18,1
123,5,2018,12908914.0,12224591.0,106,16,19,2
123,6,2019,13233959.0,13045463.0,77,14,12,1
123,7,2020,15186084.0,16179274.0,79,11,24,1
123,8,2021,15550134.0,14742633.0,80,11,21,2
123,9,2022,14209093.0,13705558.0,84,11,20,2
123,10,2023,14534137.0,14527539.0,98,10,22,2
124,1,2014,44076391.0,41874116.0,265,46,70,6
124,2,2015,45310530.0,46876844.0,258,54,63,5
124,3,2016,46544669.0,49831287.0,284,45,64,6
124,4,2017,47778808.0,44707482.0,222,53,61,6
124,5,2018,49012947.0,49330794.0,248,53,64,5
124,6,2019,50247086.0,49056686.0,281,43,44,5
124,7,2020,57658972.0,56311123.0,240,32,63,6
124,8,2021,59041207.0,59858113.0,277,52,48,5
124,9,2022,53949503.0,55755780.0,235,27,67,4
124,10,2023,55183642.0,58077897.0,319,48,67,5
125,1,2014,132202197.0,123304371.0,799,101,149,18
125,2,2015,135903859.0,127283119.0,858,98,124,20
125,3,2016,139605520.0,136504660.0,872,78,125,19
125,4,2017,143307182.0,137264778.0,657,80,187,13
125,5,2018,147008843.0,147024640.0,823,133,143,18
125,6,2019,150710505.0,145081569.0,887,126,158,17
125,7,2020,172941626.0,181309799.0,694,137,113,13
125,8,2021,177087487.0,176276280.0,687,119,189,17
125,9,2022,161815489.0,172688031.0,760,135,106,15
125,10,2023,165517151.0,163267035.0,726,122,120,13
126,1,2014,162123369.0,159072161.0,854,134,205,16
126,2,2015,166662823.0,167938498.0,1076,138,221,21
126,3,2016,171202277.0,167139282.0,1002,141,150,17
126,4,2017,175741732.0,170911185.0,761,180,214,19
126,5,2018,180281186.0,192518582.0,753,123,224,17
126,6,2019,184820640.0,191270362.0,735,129,211,18
126,7,2020,212083306.0,201080064.0,907,140,194,15
126,8,2021,217167495.0,217019511.0,1004,133,241,21
126,9,2022,198439003.0,203048431.0,951,134,129,15
126,10,2023,202978458.0,216147420.0,796,115,154,17
127,1,2014,14986402.0,16103327.0,143,23,26,2
127,2,2015,15406021.0,14347452.0,109,16,31,2
127,3,2016,15825641.0,15084393.0,111,17,24,2
127,4,2017,16245260.0,16728672.0,126,20,26,3
127,5,2018,16664879.0,16566755.0,125,13,17,2
127,6,2019,17084498.0,17415339.0,137,18,16,2
127,7,2020,19604612.0,18787193.0,131,20,19,3
127,8,2021,20074585.0,20737421.0,98,16,16,2
127,9,2022,18343356.0,18136380.0,141,12,24,2
127,10,2023,18762976.0,19501147.0,116,20,31,2
128,1,2014,7910077.0,7512847.0,49,7,9,1
128,2,2015,8131559.0,7699056.0,56,6,9,1
128,3,2016,8353041.0,7937307.0,56,7,13,1
128,4,2017,8574523.0,8822363.0,53,9,10,1
128,5,2018,8796005.0,8382668.0,40,8,12,1
128,6,2019,9017488.0,9076880.0,55,8,11,1
128,7,2020,10347646.0,10834136.0,47,7,7,1
128,8,2021,10595706.0,10693838.0,40,6,9,1
128,9,2022,9681934.0,10417501.0,46,6,10,1
128,10,2023,9903416.0,9768984.0,52,7,10,1
129,1,2014,13711049.0,14063163.0,97,11,15,2
129,2,2015,14094958.0,13366061.0,84,18,17,2
129,3,2016,14478868.0,13992298.0,83,14,17,1
129,4,2017,14862777.0,15184921.0,116,12,24,1
129,5,2018,15246686.0,15021187.0,101,15,21,2
129,6,2019,15630596.0,16622661.0,91,11,16,2
129,7,2020,17936246.0,19021412.0,92,10,20,2
129,8,2021,18366224.0,19568048.0,88,13,16,1
129,9,2022,16782324.0,16128176.0,104,17,17,1
129,10,2023,17166233.0,17241871.0,84,14,14,2
130,1,2014,14612683.0,15339700.0,97,12,17,1
130,2,2015,15021838.0,14449508.0,93,12,14,1
130,3,2016,15430993.0,16329998.0,95,12,12,1
130,4,2017,15840148.0,16147037.0,67,12,20,2
130,5,2018,16249303.0,17476179.0,85,12,11,1
130,6,2019,16658458.0,16453151.0,74,14,12,1
130,7,2020,19115727.0,19758950.0,90,14,11,1
130,8,2021,19573981.0,19988812.0,94,8,12,1
130,9,2022,17885924.0,17154792.0,90,10,11,1
130,10,2023,18295079.0,19190436.0,78,9,18,1
131,1,2014,40173504.0,43205496.0,224,25,55,3
131,2,2015,41298362.0,43785605.0,240,41,34,5
131,3,2016,42423220.0,40776735.0,266,44,57,4
131,4,2017,43548079.0,40686014.0,199,26,39,4
131,5,2018,44672937.0,46831955.0,237,36,31,5
131,6,2019,45797795.0,49004613.0,225,45,38,6
131,7,2020,52553371.0,54465878.0,203,34,46,4
131,8,2021,53813212.0,50148378.0,197,31,46,4
131,9,2022,49172369.0,46538348.0,191,36,49,3
131,10,2023,50297227.0,48646836.0,201,28,45,4
132,1,2014,26034173.0,25581024.0,186,25,46,4
132,2,2015,26763130.0,25003589.0,181,25,32,4
132,3,2016,27492086.0,28589949.0,187,41,54,4
132,4,2017,28221043.0,28091265.0,183,37,45,4
132,5,2018,28950000.0,30135781.0,190,38,37,4
132,6,2019,29678957.0,28061854.0,208,30,40,5
132,7,2020,34056863.0,34871859.0,209,21,43,4
132,8,2021,34873295.0,33271966.0,233,37,32,3
132,9,2022,31865827.0,31929552.0,210,34,42,4
132,10,2023,32594784.0,30977375.0,220,36,51,3
133,1,2014,155794088.0,156211319.0,963,152,227,17
133,2,2015,160156323.0,172815107.0,946,164,194,20
133,3,2016,164518557.0,169543499.0,853,98,152,16
133,4,2017,168880792.0,170302853.0,851,105,168,18
133,5,2018,173243026.0,177589255.0,973,153,150,14
133,6,2019,177605261.0,183031115.0,1042,172,132,18
133,7,2020,203803594.0,218983456.0,804,99,164,16
133,8,2021,208689297.0,218809740.0,783,175,158,16
133,9,2022,190691964.0,199040785.0,1002,168,220,17
133,10,2023,195054198.0,183465234.0,743,149,174,20
134,1,2014,61052535.0,64138732.0,406,55,63,6
134,2,2015,62762006.0,66268825.0,319,61,56,5
134,3,2016,64471477.0,61041820.0,406,66,80,7
134,4,2017,66180948.0,68481472.0,362,62,53,6
134,5,2018,67890419.0,69416012.0,342,65,90,7
134,6,2019,69599890.0,72508350.0,326,37,93,8
134,7,2020,79866484.0,75867771.0,353,45,72,7
134,8,2021,81781091.0,79534266.0,343,52,51,6
134,9,2022,74728303.0,69741219.0,299,36,85,9
134,10,2023,76437774.0,71890427.0,321,45,77,6
135,1,2014,53550616.0,52391420.0,382,42,101,9
135,2,2015,55050033.0,54726673.0,337,55,93,7
135,3,2016,56549450.0,56775255.0,463,41,84,8
135,4,2017,58048867.0,59966059.0,366,45,93,7
135,5,2018,59548285.0,55539412.0,400,66,86,8
135,6,2019,61047702.0,63824936.0,321,56,85,8
135,7,2020,70052773.0,66068164.0,324,69,82,8
135,8,2021,71732121.0,75490956.0,419,76,63,8
135,9,2022,65545954.0,69606327.0,419,67,60,9
135,10,2023,67045371.0,69941168.0,347,60,78,9
136,1,2014,27331608.0,28036777.0,158,22,31,4
136,2,2015,28096893.0,29307367.0,185,28,24,3
136,3,2016,28862178.0,31093047.0,198,29,34,4
136,4,2017,29627463.0,31325164.0,153,31,41,2
136,5,2018,30392748.0,32349880.0,171,24,38,3
136,6,2019,31158033.0,32542408.0,167,21,44,4
136,7,2020,35754116.0,36738621.0,206,21,37,4
136,8,2021,36611235.0,37694450.0,205,24,42,3
136,9,2022,33453888.0,34096217.0,195,32,35,3
136,10,2023,34219173.0,36839832.0,208,29,40,3
137,1,2014,13797601.0,13042913.0,99,16,21,1
137,2,2015,14183933.0,15036522.0,98,10,15,1
137,3,2016,14570266.0,14630317.0,83,17,16,1
137,4,2017,14956599.0,16062505.0,91,17,21,2
137,5,2018,15342932.0,15667373.0,90,17,14,2
137,6,2019,15729265.0,14837289.0,79,13,19,2
137,7,2020,18049469.0,17863725.0,90,17,24,2
137,8,2021,18482162.0,18184319.0,78,15,17,1
137,9,2022,16888263.0,16585744.0,78,15,22,2
137,10,2023,17274596.0,17785755.0,111,9,20,1
138,1,2014,39956371.0,38895527.0,247,47,55,5
138,2,2015,41075150.0,39422457.0,247,26,41,5
138,3,2016,42193928.0,40937095.0,296,29,59,4
138,4,2017,43312706.0,45522845.0,238,46,52,4
138,5,2018,44431485.0,44307019.0,259,27,39,4
138,6,2019,45550263.0,45592954.0,257,46,48,4
138,7,2020,52269326.0,56007400.0,285,41,66,5
138,8,2021,53522358.0,50594062.0,277,31,61,4
138,9,2022,48906598.0,48714503.0,202,30,35,4
138,10,2023,50025377.0,50879595.0,216,37,52,5
139,1,2014,18385424.0,19043729.0,114,13,15,2
139,2,2015,18900215.0,20031672.0,91,16,27,2
139,3,2016,19415007.0,20192149.0,127,16,15,2
139,4,2017,19929799.0,19237362.0,114,15,15,2
139,5,2018,20444591.0,19665944.0,101,19,26,2
139,6,2019,20959383.0,20279144.0,85,20,15,2
139,7,2020,24051076.0,24836855.0,120,14,14,2
139,8,2021,24627643.0,26571882.0,89,16,26,2
139,9,2022,22503758.0,21079407.0,116,14,23,1
139,10,2023,23018550.0,21963642.0,114,17,21,2
140,1,2014,34723995.0,33997623.0,248,46,43,6
140,2,2015,35696267.0,37583171.0,232,45,36,6
140,3,2016,36668539.0,35905494.0,290,36,37,4
140,4,2017,37640811.0,37624203.0,253,50,49,5
140,5,2018,38613083.0,36562371.0,255,29,45,6
140,6,2019,39585354.0,37158603.0,297,36,36,5
140,7,2020,45424541.0,48463121.0,290,37,48,5
140,8,2021,46513486.0,43533462.0,235,28,35,4
140,9,2022,42502170.0,42490547.0,253,36,40,4
140,10,2023,43474442.0,41498625.0,304,33,46,5
141,1,2014,93956524.0,94726331.0,668,73,126,12
141,2,2015,96587307.0,103233074.0,768,66,101,15
141,3,2016,99218089.0,98172428.0,732,105,136,11
141,4,2017,101848872.0,108732712.0,659,113,114,17
141,5,2018,104479655.0,100382689.0,608,100,112,14
141,6,2019,107110437.0,104450614.0,575,99,139,13
141,7,2020,122910166.0,125833844.0,569,102,165,16
141,8,2021,125856643.0,124385234.0,690,90,164,11
141,9,2022,115002785.0,110673787.0,714,86,152,12
141,10,2023,117633568.0,112923002.0,540,122,97,12
142,1,2014,9090142.0,9228600.0,49,5,13,1
142,2,2015,9344666.0,9262853.0,46,6,11,1
142,3,2016,9599190.0,9366629.0,55,6,10,1
142,4,2017,9853714.0,9811518.0,54,5,8,1
142,5,2018,10108238.0,10602213.0,57,8,10,1
142,6,2019,10362762.0,10150039.0,50,5,11,1
142,7,2020,11891360.0,12052352.0,41,6,6,1
142,8,2021,12176427.0,12844181.0,54,8,11,1
142,9,2022,11126334.0,11150285.0,48,8,10,1
142,10,2023,11380858.0,11817953.0,42,5,10,1
143,1,2014,31082744.0,32148227.0,219,25,31,4
143,2,2015,31953061.0,32637088.0,243,23,47,4
143,3,2016,32823378.0,34126305.0,175,32,47,3
143,4,2017,33693695.0,31878639.0,166,37,40,3
143,5,2018,34564012.0,32335465.0,210,22,39,5
143,6,2019,35434329.0,36266920.0,181,40,31,4
143,7,2020,40661203.0,39332225.0,176,33,29,4
143,8,2021,41635958.0,38760956.0,173,35,38,3
143,9,2022,38045279.0,40278742.0,227,36,37,3
143,10,2023,38915596.0,37953097.0,164,33,43,3
144,1,2014,45345566.0,47751942.0,317,45,51,6
144,2,2015,46615242.0,48066667.0,243,49,53,5
144,3,2016,47884918.0,48998801.0,269,40,55,5
144,4,2017,49154594.0,49958543.0,246,45,69,6
144,5,2018,50424270.0,52493064.0,243,47,48,5
144,6,2019,51693946.0,51250417.0,261,39,44,6
144,7,2020,59319256.0,58567497.0,222,50,67,6
144,8,2021,60741293.0,61788110.0,226,52,46,5
144,9,2022,55502973.0,58446666.0,264,35,63,5
144,10,2023,56772649.0,59210773.0,312,52,39,6
145,1,2014,17091405.0,17781485.0,115,16,22,2
145,2,2015,17569964.0,17154514.0,107,17,19,1
145,3,2016,18048523.0,18110131.0,108,14,24,2
145,4,2017,18527083.0,17578815.0,84,14,17,1
145,5,2018,19005642.0,18364277.0,88,12,24,2
145,6,2019,19484201.0,20516731.0,91,10,19,2
145,7,2020,22358292.0,23047978.0,82,13,25,2
145,8,2021,22894278.0,24299844.0,100,10,17,1
145,9,2022,20919879.0,19613917.0,106,16,13,1
145,10,2023,21398439.0,21936365.0,110,17,19,1
146,1,2014,51765020.0,51942128.0,260,54,56,6
146,2,2015,53214441.0,53357606.0,252,48,73,6
146,3,2016,54663861.0,55884095.0,300,41,64,7
146,4,2017,56113282.0,58988518.0,317,53,38,6
146,5,2018,57562703.0,61748026.0,245,33,56,5
146,6,2019,59012123.0,56389235.0,227,34,48,5
146,7,2020,67716929.0,65632219.0,329,30,44,4
146,8,2021,69340280.0,67734018.0,227,40,50,5
146,9,2022,63360385.0,63874587.0,303,48,37,5
146,10,2023,64809805.0,67504940.0,256,44,48,6
147,1,2014,17149008.0,16441398.0,113,18,17,1
147,2,2015,17629180.0,17667362.0,120,20,23,1
147,3,2016,18109352.0,17266173.0,109,19,14,1
147,4,2017,18589524.0,18175678.0,89,13,22,1
147,5,2018,19069696.0,20111979.0,101,20,24,2
147,6,2019,19549869.0,18546708.0,85,15,26,1
147,7,2020,22433646.0,24124182.0,97,16,22,2
147,8,2021,22971439.0,24618805.0,99,10,18,1
147,9,2022,20990385.0,21706732.0,81,11,18,1
147,10,2023,21470557.0,22234671.0,112,18,21,1
148,1,2014,23754836.0,25347233.0,164,27,26,4
148,2,2015,24419972.0,23331126.0,148,17,24,3
148,3,2016,25085107.0,24088585.0,187,18,27,4
148,4,2017,25750243.0,26526896.0,194,30,36,3
148,5,2018,26415378.0,26340088.0,195,31,27,3
148,6,2019,27080514.0,28435043.0,137,18,25,3
148,7,2020,31075127.0,30637156.0,159,27,27,3
148,8,2021,31820078.0,30334178.0,181,22,41,3
148,9,2022,29075920.0,28481294.0,158,24,32,3
148,10,2023,29741055.0,30314671.0,140,32,38,4
149,1,2014,11850794.0,11691669.0,80,12,18,1
149,2,2015,12182617.0,12342816.0,70,9,16,1
149,3,2016,12514439.0,12174583.0,78,10,21,1
149,4,2017,12846261.0,13561650.0,77,8,15,1
149,5,2018,13178083.0,13959900.0,84,9,17,2
149,6,2019,13509906.0,14214299.0,72,10,17,1
149,7,2020,15502735.0,15463872.0,70,9,15,1
149,8,2021,15874376.0,16631012.0,73,15,19,1
149,9,2022,14505372.0,13866356.0,76,11,21,1
149,10,2023,14837194.0,14316226.0,90,11,10,1
150,1,2014,30374300.0,29077388.0,224,33,27,3
150,2,2015,31224780.0,30366590.0,185,36,50,4
150,3,2016,32075261.0,29893237.0,208,23,40,3
150,4,2017,32925741.0,32413349.0,165,23,28,5
150,5,2018,33776221.0,31770453.0,194,26,40,3
150,6,2019,34626702.0,36431348.0,216,34,51,4
150,7,2020,39734444.0,39416777.0,178,24,35,5
150,8,2021,40686982.0,42599490.0,216,35,26,4
150,9,2022,37178143.0,36652642.0,172,21,36,4
150,10,2023,38028623.0,41031897.0,173,19,28,3
